Workbook

Sheet Guide
A1: PauseBeforeBuy comprehension test · scoring template ｜ 理解度测试 · 评分模板
A3: How to use ｜ 使用方法
A4: 1. In Google Forms, open Responses → Link to Sheets. ｜ 在 Google Forms 中打开“回复”→“关联到表格”。
A5: 2. In that Google Sheet, select the answer cells from question A1 to question E1 for every participant (not the Timestamp, Score or email columns), and copy. ｜ 在该表格中选中每位参与者从 A1 到 E1 的答案（不要选时间戳、分数或邮箱列），复制。
A6: 3. Paste into the yellow area of the Responses sheet, starting at cell B5. ｜ 粘贴到 Responses 工作表的黄色区域，从 B5 单元格开始。
A7: 4. Read the results on the Summary sheet. Every number updates automatically. ｜ 在 Summary 工作表查看结果，所有数字会自动更新。
A9: Form set-up that keeps scoring reliable ｜ 让评分可靠的问卷设置
A10: • Keep the questions in exactly this order: A1, A2, C1–C6, D1–D4, E1. ｜ 题目顺序必须一致。
A11: • C1, C2, C3, C6: short-answer questions with Response validation → Number. ｜ 数字题开启“回答验证 → 数字”。
A12: • C4 and C5 options must contain the keyword in the Key sheet ("full", "emergency"); A2's correct option must contain "14". Keep English in the option text even if you add Chinese. ｜ 选项文字需包含 Key 表中的关键词；加中文时保留英文。
A13: • A1 and D4 options: "Yes", "No", "Not sure" (Chinese may follow after a space, e.g. "No 否"). ｜ A1、D4 的选项以 Yes / No / Not sure 开头。
A14: • D1–D3: linear scale 1 to 5. ｜ D1–D3 用 1 到 5 的线性量表。
A16: Example of one pasted row (format only; do not paste this) ｜ 粘贴后一行的格式示例（仅供参考，不要粘贴）
B17: A1 | C17: A2 | D17: C1 | E17: C2 | F17: C3 | G17: C4 | H17: C5 | I17: C6 | J17: D1 | K17: D2 | L17: D3 | M17: D4 | N17: E1
B18: Yes | C18: (b) about 7% | D18: 6432 | E18: 536 | F18: 1.65 | G18: (a) Pay in full | H18: (b) Your emergency savings fall below the 3-month target, and you pay extra to borrow | I18: 13.84 | J18: 4 | K18: 5 | L18: 4 | M18: No | N18: The fee section was clear

Sheet Summary
A1: Results for the report ｜ 报告用结果
A2: Main result ｜ 主要结果
A3: Participants ｜ 参与人数 | B3: =COUNT(Scoring!G5:G24) -> 8 | D3: Small sample (up to 8 classmates, one scenario): report as an early indication, not a general result.
A4: ="Passed: at least "&Key!C13&" of 5 core questions correct ｜ 达标人数" -> Passed: at least 4 of 5 core questions correct ｜ 达标人数 | B4: =SUM(Scoring!H5:H24) -> 4
A5: Pass rate ｜ 达标比例 | B5: =IF(B3=0,"",B4/B3) -> 0.5
A6: Target ｜ 目标 | B6: =Key!C14 -> 0.7
A7: Target met? ｜ 是否达到目标 | B7: =IF(B5="","",IF(B5>=B6,"Yes","No")) -> No
A9: Accuracy per question ｜ 各题正确率
A10: C1 Total paid | B10: =IF($B$3=0,"",SUM(Scoring!B5:B24)/$B$3) -> 0.5
A11: C2 Monthly payment | B11: =IF($B$3=0,"",SUM(Scoring!C5:C24)/$B$3) -> 0.5
A12: C3 Emergency runway | B12: =IF($B$3=0,"",SUM(Scoring!D5:D24)/$B$3) -> 0.375
A13: C4 Option not possible | B13: =IF($B$3=0,"",SUM(Scoring!E5:E24)/$B$3) -> 1
A14: C5 Main risk of instalments | B14: =IF($B$3=0,"",SUM(Scoring!F5:F24)/$B$3) -> 0.75
A15: Average core score (of 5) ｜ 平均核心得分 | B15: =IFERROR(AVERAGE(Scoring!G5:G24),"") -> 3.125
A17: Hidden cost: before vs after ｜ 隐藏成本：使用前后对比
A18: Before: knew 0.6%/month ≈ 14% a year (A2) ｜ 使用前答对 | B18: =SUM(Scoring!J5:J24) -> 2
A19: After: found the true yearly cost 13.84% (C6) ｜ 使用后答对 | B19: =SUM(Scoring!I5:I24) -> 4
A21: Experience ｜ 使用体验
A22: Had used BNPL or instalments before (A1) ｜ 用过分期 | B22: =COUNTIF(Responses!B5:B24,"Yes*") -> 6
A23: D1 Easy to understand, mean (1–5) | B23: =IFERROR(AVERAGE(Responses!J5:J24),"") -> 4.25
A24: D2 Trusted the numbers, mean (1–5) | B24: =IFERROR(AVERAGE(Responses!K5:K24),"") -> 4.375
A25: D3 Pause made me rethink, mean (1–5) | B25: =IFERROR(AVERAGE(Responses!L5:L24),"") -> 4.75
A26: D4 Said the tool did NOT tell them what to choose ｜ 认为工具没有替自己做决定 | B26: =IF(COUNTA(Responses!M5:M24)=0,"",(COUNTIF(Responses!M5:M24,"No")+COUNTIF(Responses!M5:M24,"No *"))/COUNTA(Responses!M5:M24)) -> 0.375

Sheet Key
A1: Answer key and settings ｜ 答案与设置
A2: Blue values are editable. Numbers come from the fixed scenario (laptop SGD 6,000, 12 instalments, 0.6% per instalment) as calculated by the PauseBeforeBuy back end. ｜ 蓝色数值可修改。数值来自固定场景，由后端计算器算出。
A4: Question ｜ 题目 | B4: What counts as correct ｜ 判定方式 | C4: Correct value or keyword ｜ 正确值或关键词 | D4: Tolerance ± ｜ 允许误差 | E4: Note ｜ 说明
A5: A2 Yearly cost of 0.6%/month (before) | B5: Option text contains keyword | C5: 14 | E5: Correct option: about 14%
A6: C1 Total paid with instalments | B6: Number within tolerance | C6: 6432 | D6: 1 | E6: SGD
A7: C2 Monthly payment | B7: Number within tolerance | C7: 536 | D7: 1 | E7: SGD
A8: C3 Months savings cover during plan | B8: Number within tolerance | C8: 1.65 | D8: 0.05 | E8: months
A9: C4 Option not possible | B9: Option text contains keyword | C9: full | E9: Pay in full
A10: C5 Main risk of instalments | B10: Option text contains keyword | C10: emergency | E10: Emergency savings below target + extra cost
A11: C6 True yearly cost (after) | B11: Number within tolerance (13.84 or 0.1384 both accepted) | C11: 13.84 | D11: 0.1 | E11: %
A13: Core questions correct needed to pass (of C1–C5) ｜ 达标所需的核心题答对数 | C13: 4 | E13: Assumption: at least 4 of the 5 core items
A14: Target share of participants who pass ｜ 目标达标比例 | C14: 0.7 | E14: From the Problem Statement, Section 7

Sheet Responses
A1: Paste Google Forms answers into the yellow area, starting at B5 ｜ 把 Google Forms 的答案粘贴到黄色区域，从 B5 开始
A2: Participant IDs appear automatically. Leave unused rows empty. Up to 20 participants. ｜ 编号自动生成，空行留空，最多 20 人。
A4: ID | B4: A1 Used BNPL / instalments | C4: A2 Guess: yearly cost of 0.6%/month | D4: C1 Total paid (SGD) | E4: C2 Monthly payment (SGD) | F4: C3 Runway during plan (months) | G4: C4 Option not possible | H4: C5 Main risk of instalments | I4: C6 True yearly cost (%) | J4: D1 Easy to understand (1–5) | K4: D2 Trusted the numbers (1–5) | L4: D3 Pause made me rethink (1–5) | M4: D4 Told me what to choose? | N4: E1 Comments
A5: =IF(COUNTA(B5:N5)=0,"","P"&(ROW()-4)) -> P1 | B5: Yes 是 | C5: (b) about 7% 约 7% | D5: 6432 | E5: 536 | F5: 1.65 | G5: (a) Pay in full 一次付清 | H5: (b) Your emergency savings fall below the 3-month target, and you pay extra to borrow 应急储蓄低于 3 个月目标，还要多付借贷成本 | I5: 13.84 | J5: 4 | K5: 5 | L5: 5 | M5: No 没有
A6: =IF(COUNTA(B6:N6)=0,"","P"&(ROW()-4)) -> P2 | B6: No 否 | C6: (b) about 7% 约 7% | D6: 2000 | E6: 178.67 | F6: 2.55 | G6: (a) Pay in full 一次付清 | H6: (b) Your emergency savings fall below the 3-month target, and you pay extra to borrow 应急储蓄低于 3 个月目标，还要多付借贷成本 | I6: 13.84 | J6: 3 | K6: 2 | L6: 5 | M6: Not sure 不确定
A7: =IF(COUNTA(B7:N7)=0,"","P"&(ROW()-4)) -> P3 | B7: Yes 是 | C7: (c) about 14% 约 14% | D7: 6432 | E7: 536 | F7: 1.65 | G7: (a) Pay in full 一次付清 | H7: (b) Your emergency savings fall below the 3-month target, and you pay extra to borrow 应急储蓄低于 3 个月目标，还要多付借贷成本 | I7: 13.84 | J7: 4 | K7: 5 | L7: 5 | M7: Yes 有 | N7: 字有点多 直接建议接我选哪个方案就好
A8: =IF(COUNTA(B8:N8)=0,"","P"&(ROW()-4)) -> P4 | B8: Yes 是 | C8: (b) about 7% 约 7% | D8: 6648 | E8: 554 | F8: 12 | G8: (a) Pay in full 一次付清 | H8: (d) There is no real risk 没有实际风险 | I8: 6648 | J8: 5 | K8: 5 | L8: 4 | M8: No 没有 | N8: "Savings would cover" is not self explainatory, hence i felt it could be well explained
A9: =IF(COUNTA(B9:N9)=0,"","P"&(ROW()-4)) -> P5 | B9: Yes 是 | C9: (c) about 14% 约 14% | D9: 6432 | E9: 536 | F9: 1.65 | G9: (a) Pay in full 一次付清 | H9: (b) Your emergency savings fall below the 3-month target, and you pay extra to borrow 应急储蓄低于 3 个月目标，还要多付借贷成本 | I9: 13.84 | J9: 5 | K9: 5 | L9: 5 | M9: Yes 有 | N9: 可以建立自己的记账本，让多笔大开销共同去影响你的分期决策
A10: =IF(COUNTA(B10:N10)=0,"","P"&(ROW()-4)) -> P6 | B10: Yes 是 | C10: (a) about 0.6% 约 0.6% | D10: 6036 | E10: 503 | F10: 2 | G10: (a) Pay in full 一次付清 | H10: (b) Your emergency savings fall below the 3-month target, and you pay extra to borrow 应急储蓄低于 3 个月目标，还要多付借贷成本 | I10: 1.1 | J10: 3 | K10: 3 | L10: 4 | M10: Yes 有
A11: =IF(COUNTA(B11:N11)=0,"","P"&(ROW()-4)) -> P7 | B11: Yes 是 | C11: (d) Not sure 不确定 | D11: 50 | E11: 50 | F11: 19 | G11: (a) Pay in full 一次付清 | H11: (d) There is no real risk 没有实际风险 | I11: 2.5 | J11: 5 | K11: 5 | L11: 5 | M11: Not sure 不确定
A12: =IF(COUNTA(B12:N12)=0,"","P"&(ROW()-4)) -> P8 | B12: No 否 | C12: (b) about 7% 约 7% | D12: 6432 | E12: 536 | F12: 2.27 | G12: (a) Pay in full 一次付清 | H12: (b) Your emergency savings fall below the 3-month target, and you pay extra to borrow 应急储蓄低于 3 个月目标，还要多付借贷成本 | I12: 7.2 | J12: 5 | K12: 5 | L12: 5 | M12: No 没有
A13: =IF(COUNTA(B13:N13)=0,"","P"&(ROW()-4))
A14: =IF(COUNTA(B14:N14)=0,"","P"&(ROW()-4))
A15: =IF(COUNTA(B15:N15)=0,"","P"&(ROW()-4))
A16: =IF(COUNTA(B16:N16)=0,"","P"&(ROW()-4))
A17: =IF(COUNTA(B17:N17)=0,"","P"&(ROW()-4))
A18: =IF(COUNTA(B18:N18)=0,"","P"&(ROW()-4))
A19: =IF(COUNTA(B19:N19)=0,"","P"&(ROW()-4))
A20: =IF(COUNTA(B20:N20)=0,"","P"&(ROW()-4))
A21: =IF(COUNTA(B21:N21)=0,"","P"&(ROW()-4))
A22: =IF(COUNTA(B22:N22)=0,"","P"&(ROW()-4))
A23: =IF(COUNTA(B23:N23)=0,"","P"&(ROW()-4))
A24: =IF(COUNTA(B24:N24)=0,"","P"&(ROW()-4))

Sheet Scoring
A1: Per-participant scoring (automatic) ｜ 逐人评分（自动）
A2: 1 = correct, 0 = wrong or blank. Core score counts C1–C5. ｜ 1 = 正确，0 = 错误或未答。核心得分统计 C1–C5。
A4: ID | B4: C1 total | C4: C2 monthly | D4: C3 runway | E4: C4 not possible | F4: C5 main risk | G4: Core score (of 5) | H4: Passed | I4: C6 true cost (after) | J4: A2 true cost (before)
A5: =Responses!$A5 -> P1 | B5: =IF(Responses!$A5="","",IF(IFERROR(ABS(VALUE(SUBSTITUTE(SUBSTITUTE(Responses!D5,",",""),"%",""))-Key!$C$6)<=Key!$D$6+0.000001,FALSE()),1,0)) -> 1 | C5: =IF(Responses!$A5="","",IF(IFERROR(ABS(VALUE(SUBSTITUTE(SUBSTITUTE(Responses!E5,",",""),"%",""))-Key!$C$7)<=Key!$D$7+0.000001,FALSE()),1,0)) -> 1 | D5: =IF(Responses!$A5="","",IF(IFERROR(ABS(VALUE(SUBSTITUTE(SUBSTITUTE(Responses!F5,",",""),"%",""))-Key!$C$8)<=Key!$D$8+0.000001,FALSE()),1,0)) -> 1 | E5: =IF(Responses!$A5="","",IF(ISNUMBER(SEARCH(Key!$C$9,Responses!G5)),1,0)) -> 1 | F5: =IF(Responses!$A5="","",IF(ISNUMBER(SEARCH(Key!$C$10,Responses!H5)),1,0)) -> 1 | G5: =IF(Responses!$A5="","",SUM(B5:F5)) -> 5 | H5: =IF(Responses!$A5="","",IF(G5>=Key!$C$13,1,0)) -> 1 | I5: =IF(Responses!$A5="","",IF(IFERROR(OR(ABS(VALUE(SUBSTITUTE(SUBSTITUTE(Responses!I5,",",""),"%",""))-Key!$C$11)<=Key!$D$11+0.000001,ABS(VALUE(SUBSTITUTE(SUBSTITUTE(Responses!I5,",",""),"%",""))*100-Key!$C$11)<=Key!$D$11+0.000001),FALSE()),1,0)) -> 1 | J5: =IF(Responses!$A5="","",IF(ISNUMBER(SEARCH(Key!$C$5,Responses!C5)),1,0)) -> 0
A6: =Responses!$A6 -> P2 | B6: =IF(Responses!$A6="","",IF(IFERROR(ABS(VALUE(SUBSTITUTE(SUBSTITUTE(Responses!D6,",",""),"%",""))-Key!$C$6)<=Key!$D$6+0.000001,FALSE()),1,0)) -> 0 | C6: =IF(Responses!$A6="","",IF(IFERROR(ABS(VALUE(SUBSTITUTE(SUBSTITUTE(Responses!E6,",",""),"%",""))-Key!$C$7)<=Key!$D$7+0.000001,FALSE()),1,0)) -> 0 | D6: =IF(Responses!$A6="","",IF(IFERROR(ABS(VALUE(SUBSTITUTE(SUBSTITUTE(Responses!F6,",",""),"%",""))-Key!$C$8)<=Key!$D$8+0.000001,FALSE()),1,0)) -> 0 | E6: =IF(Responses!$A6="","",IF(ISNUMBER(SEARCH(Key!$C$9,Responses!G6)),1,0)) -> 1 | F6: =IF(Responses!$A6="","",IF(ISNUMBER(SEARCH(Key!$C$10,Responses!H6)),1,0)) -> 1 | G6: =IF(Responses!$A6="","",SUM(B6:F6)) -> 2 | H6: =IF(Responses!$A6="","",IF(G6>=Key!$C$13,1,0)) -> 0 | I6: =IF(Responses!$A6="","",IF(IFERROR(OR(ABS(VALUE(SUBSTITUTE(SUBSTITUTE(Responses!I6,",",""),"%",""))-Key!$C$11)<=Key!$D$11+0.000001,ABS(VALUE(SUBSTITUTE(SUBSTITUTE(Responses!I6,",",""),"%",""))*100-Key!$C$11)<=Key!$D$11+0.000001),FALSE()),1,0)) -> 1 | J6: =IF(Responses!$A6="","",IF(ISNUMBER(SEARCH(Key!$C$5,Responses!C6)),1,0)) -> 0
A7: =Responses!$A7 -> P3 | B7: =IF(Responses!$A7="","",IF(IFERROR(ABS(VALUE(SUBSTITUTE(SUBSTITUTE(Responses!D7,",",""),"%",""))-Key!$C$6)<=Key!$D$6+0.000001,FALSE()),1,0)) -> 1 | C7: =IF(Responses!$A7="","",IF(IFERROR(ABS(VALUE(SUBSTITUTE(SUBSTITUTE(Responses!E7,",",""),"%",""))-Key!$C$7)<=Key!$D$7+0.000001,FALSE()),1,0)) -> 1 | D7: =IF(Responses!$A7="","",IF(IFERROR(ABS(VALUE(SUBSTITUTE(SUBSTITUTE(Responses!F7,",",""),"%",""))-Key!$C$8)<=Key!$D$8+0.000001,FALSE()),1,0)) -> 1 | E7: =IF(Responses!$A7="","",IF(ISNUMBER(SEARCH(Key!$C$9,Responses!G7)),1,0)) -> 1 | F7: =IF(Responses!$A7="","",IF(ISNUMBER(SEARCH(Key!$C$10,Responses!H7)),1,0)) -> 1 | G7: =IF(Responses!$A7="","",SUM(B7:F7)) -> 5 | H7: =IF(Responses!$A7="","",IF(G7>=Key!$C$13,1,0)) -> 1 | I7: =IF(Responses!$A7="","",IF(IFERROR(OR(ABS(VALUE(SUBSTITUTE(SUBSTITUTE(Responses!I7,",",""),"%",""))-Key!$C$11)<=Key!$D$11+0.000001,ABS(VALUE(SUBSTITUTE(SUBSTITUTE(Responses!I7,",",""),"%",""))*100-Key!$C$11)<=Key!$D$11+0.000001),FALSE()),1,0)) -> 1 | J7: =IF(Responses!$A7="","",IF(ISNUMBER(SEARCH(Key!$C$5,Responses!C7)),1,0)) -> 1
A8: =Responses!$A8 -> P4 | B8: =IF(Responses!$A8="","",IF(IFERROR(ABS(VALUE(SUBSTITUTE(SUBSTITUTE(Responses!D8,",",""),"%",""))-Key!$C$6)<=Key!$D$6+0.000001,FALSE()),1,0)) -> 0 | C8: =IF(Responses!$A8="","",IF(IFERROR(ABS(VALUE(SUBSTITUTE(SUBSTITUTE(Responses!E8,",",""),"%",""))-Key!$C$7)<=Key!$D$7+0.000001,FALSE()),1,0)) -> 0 | D8: =IF(Responses!$A8="","",IF(IFERROR(ABS(VALUE(SUBSTITUTE(SUBSTITUTE(Responses!F8,",",""),"%",""))-Key!$C$8)<=Key!$D$8+0.000001,FALSE()),1,0)) -> 0 | E8: =IF(Responses!$A8="","",IF(ISNUMBER(SEARCH(Key!$C$9,Responses!G8)),1,0)) -> 1 | F8: =IF(Responses!$A8="","",IF(ISNUMBER(SEARCH(Key!$C$10,Responses!H8)),1,0)) -> 0 | G8: =IF(Responses!$A8="","",SUM(B8:F8)) -> 1 | H8: =IF(Responses!$A8="","",IF(G8>=Key!$C$13,1,0)) -> 0 | I8: =IF(Responses!$A8="","",IF(IFERROR(OR(ABS(VALUE(SUBSTITUTE(SUBSTITUTE(Responses!I8,",",""),"%",""))-Key!$C$11)<=Key!$D$11+0.000001,ABS(VALUE(SUBSTITUTE(SUBSTITUTE(Responses!I8,",",""),"%",""))*100-Key!$C$11)<=Key!$D$11+0.000001),FALSE()),1,0)) -> 0 | J8: =IF(Responses!$A8="","",IF(ISNUMBER(SEARCH(Key!$C$5,Responses!C8)),1,0)) -> 0
A9: =Responses!$A9 -> P5 | B9: =IF(Responses!$A9="","",IF(IFERROR(ABS(VALUE(SUBSTITUTE(SUBSTITUTE(Responses!D9,",",""),"%",""))-Key!$C$6)<=Key!$D$6+0.000001,FALSE()),1,0)) -> 1 | C9: =IF(Responses!$A9="","",IF(IFERROR(ABS(VALUE(SUBSTITUTE(SUBSTITUTE(Responses!E9,",",""),"%",""))-Key!$C$7)<=Key!$D$7+0.000001,FALSE()),1,0)) -> 1 | D9: =IF(Responses!$A9="","",IF(IFERROR(ABS(VALUE(SUBSTITUTE(SUBSTITUTE(Responses!F9,",",""),"%",""))-Key!$C$8)<=Key!$D$8+0.000001,FALSE()),1,0)) -> 1 | E9: =IF(Responses!$A9="","",IF(ISNUMBER(SEARCH(Key!$C$9,Responses!G9)),1,0)) -> 1 | F9: =IF(Responses!$A9="","",IF(ISNUMBER(SEARCH(Key!$C$10,Responses!H9)),1,0)) -> 1 | G9: =IF(Responses!$A9="","",SUM(B9:F9)) -> 5 | H9: =IF(Responses!$A9="","",IF(G9>=Key!$C$13,1,0)) -> 1 | I9: =IF(Responses!$A9="","",IF(IFERROR(OR(ABS(VALUE(SUBSTITUTE(SUBSTITUTE(Responses!I9,",",""),"%",""))-Key!$C$11)<=Key!$D$11+0.000001,ABS(VALUE(SUBSTITUTE(SUBSTITUTE(Responses!I9,",",""),"%",""))*100-Key!$C$11)<=Key!$D$11+0.000001),FALSE()),1,0)) -> 1 | J9: =IF(Responses!$A9="","",IF(ISNUMBER(SEARCH(Key!$C$5,Responses!C9)),1,0)) -> 1
A10: =Responses!$A10 -> P6 | B10: =IF(Responses!$A10="","",IF(IFERROR(ABS(VALUE(SUBSTITUTE(SUBSTITUTE(Responses!D10,",",""),"%",""))-Key!$C$6)<=Key!$D$6+0.000001,FALSE()),1,0)) -> 0 | C10: =IF(Responses!$A10="","",IF(IFERROR(ABS(VALUE(SUBSTITUTE(SUBSTITUTE(Responses!E10,",",""),"%",""))-Key!$C$7)<=Key!$D$7+0.000001,FALSE()),1,0)) -> 0 | D10: =IF(Responses!$A10="","",IF(IFERROR(ABS(VALUE(SUBSTITUTE(SUBSTITUTE(Responses!F10,",",""),"%",""))-Key!$C$8)<=Key!$D$8+0.000001,FALSE()),1,0)) -> 0 | E10: =IF(Responses!$A10="","",IF(ISNUMBER(SEARCH(Key!$C$9,Responses!G10)),1,0)) -> 1 | F10: =IF(Responses!$A10="","",IF(ISNUMBER(SEARCH(Key!$C$10,Responses!H10)),1,0)) -> 1 | G10: =IF(Responses!$A10="","",SUM(B10:F10)) -> 2 | H10: =IF(Responses!$A10="","",IF(G10>=Key!$C$13,1,0)) -> 0 | I10: =IF(Responses!$A10="","",IF(IFERROR(OR(ABS(VALUE(SUBSTITUTE(SUBSTITUTE(Responses!I10,",",""),"%",""))-Key!$C$11)<=Key!$D$11+0.000001,ABS(VALUE(SUBSTITUTE(SUBSTITUTE(Responses!I10,",",""),"%",""))*100-Key!$C$11)<=Key!$D$11+0.000001),FALSE()),1,0)) -> 0 | J10: =IF(Responses!$A10="","",IF(ISNUMBER(SEARCH(Key!$C$5,Responses!C10)),1,0)) -> 0
A11: =Responses!$A11 -> P7 | B11: =IF(Responses!$A11="","",IF(IFERROR(ABS(VALUE(SUBSTITUTE(SUBSTITUTE(Responses!D11,",",""),"%",""))-Key!$C$6)<=Key!$D$6+0.000001,FALSE()),1,0)) -> 0 | C11: =IF(Responses!$A11="","",IF(IFERROR(ABS(VALUE(SUBSTITUTE(SUBSTITUTE(Responses!E11,",",""),"%",""))-Key!$C$7)<=Key!$D$7+0.000001,FALSE()),1,0)) -> 0 | D11: =IF(Responses!$A11="","",IF(IFERROR(ABS(VALUE(SUBSTITUTE(SUBSTITUTE(Responses!F11,",",""),"%",""))-Key!$C$8)<=Key!$D$8+0.000001,FALSE()),1,0)) -> 0 | E11: =IF(Responses!$A11="","",IF(ISNUMBER(SEARCH(Key!$C$9,Responses!G11)),1,0)) -> 1 | F11: =IF(Responses!$A11="","",IF(ISNUMBER(SEARCH(Key!$C$10,Responses!H11)),1,0)) -> 0 | G11: =IF(Responses!$A11="","",SUM(B11:F11)) -> 1 | H11: =IF(Responses!$A11="","",IF(G11>=Key!$C$13,1,0)) -> 0 | I11: =IF(Responses!$A11="","",IF(IFERROR(OR(ABS(VALUE(SUBSTITUTE(SUBSTITUTE(Responses!I11,",",""),"%",""))-Key!$C$11)<=Key!$D$11+0.000001,ABS(VALUE(SUBSTITUTE(SUBSTITUTE(Responses!I11,",",""),"%",""))*100-Key!$C$11)<=Key!$D$11+0.000001),FALSE()),1,0)) -> 0 | J11: =IF(Responses!$A11="","",IF(ISNUMBER(SEARCH(Key!$C$5,Responses!C11)),1,0)) -> 0
A12: =Responses!$A12 -> P8 | B12: =IF(Responses!$A12="","",IF(IFERROR(ABS(VALUE(SUBSTITUTE(SUBSTITUTE(Responses!D12,",",""),"%",""))-Key!$C$6)<=Key!$D$6+0.000001,FALSE()),1,0)) -> 1 | C12: =IF(Responses!$A12="","",IF(IFERROR(ABS(VALUE(SUBSTITUTE(SUBSTITUTE(Responses!E12,",",""),"%",""))-Key!$C$7)<=Key!$D$7+0.000001,FALSE()),1,0)) -> 1 | D12: =IF(Responses!$A12="","",IF(IFERROR(ABS(VALUE(SUBSTITUTE(SUBSTITUTE(Responses!F12,",",""),"%",""))-Key!$C$8)<=Key!$D$8+0.000001,FALSE()),1,0)) -> 0 | E12: =IF(Responses!$A12="","",IF(ISNUMBER(SEARCH(Key!$C$9,Responses!G12)),1,0)) -> 1 | F12: =IF(Responses!$A12="","",IF(ISNUMBER(SEARCH(Key!$C$10,Responses!H12)),1,0)) -> 1 | G12: =IF(Responses!$A12="","",SUM(B12:F12)) -> 4 | H12: =IF(Responses!$A12="","",IF(G12>=Key!$C$13,1,0)) -> 1 | I12: =IF(Responses!$A12="","",IF(IFERROR(OR(ABS(VALUE(SUBSTITUTE(SUBSTITUTE(Responses!I12,",",""),"%",""))-Key!$C$11)<=Key!$D$11+0.000001,ABS(VALUE(SUBSTITUTE(SUBSTITUTE(Responses!I12,",",""),"%",""))*100-Key!$C$11)<=Key!$D$11+0.000001),FALSE()),1,0)) -> 0 | J12: =IF(Responses!$A12="","",IF(ISNUMBER(SEARCH(Key!$C$5,Responses!C12)),1,0)) -> 0
A13: =Responses!$A13 | B13: =IF(Responses!$A13="","",IF(IFERROR(ABS(VALUE(SUBSTITUTE(SUBSTITUTE(Responses!D13,",",""),"%",""))-Key!$C$6)<=Key!$D$6+0.000001,FALSE()),1,0)) | C13: =IF(Responses!$A13="","",IF(IFERROR(ABS(VALUE(SUBSTITUTE(SUBSTITUTE(Responses!E13,",",""),"%",""))-Key!$C$7)<=Key!$D$7+0.000001,FALSE()),1,0)) | D13: =IF(Responses!$A13="","",IF(IFERROR(ABS(VALUE(SUBSTITUTE(SUBSTITUTE(Responses!F13,",",""),"%",""))-Key!$C$8)<=Key!$D$8+0.000001,FALSE()),1,0)) | E13: =IF(Responses!$A13="","",IF(ISNUMBER(SEARCH(Key!$C$9,Responses!G13)),1,0)) | F13: =IF(Responses!$A13="","",IF(ISNUMBER(SEARCH(Key!$C$10,Responses!H13)),1,0)) | G13: =IF(Responses!$A13="","",SUM(B13:F13)) | H13: =IF(Responses!$A13="","",IF(G13>=Key!$C$13,1,0)) | I13: =IF(Responses!$A13="","",IF(IFERROR(OR(ABS(VALUE(SUBSTITUTE(SUBSTITUTE(Responses!I13,",",""),"%",""))-Key!$C$11)<=Key!$D$11+0.000001,ABS(VALUE(SUBSTITUTE(SUBSTITUTE(Responses!I13,",",""),"%",""))*100-Key!$C$11)<=Key!$D$11+0.000001),FALSE()),1,0)) | J13: =IF(Responses!$A13="","",IF(ISNUMBER(SEARCH(Key!$C$5,Responses!C13)),1,0))
A14: =Responses!$A14 | B14: =IF(Responses!$A14="","",IF(IFERROR(ABS(VALUE(SUBSTITUTE(SUBSTITUTE(Responses!D14,",",""),"%",""))-Key!$C$6)<=Key!$D$6+0.000001,FALSE()),1,0)) | C14: =IF(Responses!$A14="","",IF(IFERROR(ABS(VALUE(SUBSTITUTE(SUBSTITUTE(Responses!E14,",",""),"%",""))-Key!$C$7)<=Key!$D$7+0.000001,FALSE()),1,0)) | D14: =IF(Responses!$A14="","",IF(IFERROR(ABS(VALUE(SUBSTITUTE(SUBSTITUTE(Responses!F14,",",""),"%",""))-Key!$C$8)<=Key!$D$8+0.000001,FALSE()),1,0)) | E14: =IF(Responses!$A14="","",IF(ISNUMBER(SEARCH(Key!$C$9,Responses!G14)),1,0)) | F14: =IF(Responses!$A14="","",IF(ISNUMBER(SEARCH(Key!$C$10,Responses!H14)),1,0)) | G14: =IF(Responses!$A14="","",SUM(B14:F14)) | H14: =IF(Responses!$A14="","",IF(G14>=Key!$C$13,1,0)) | I14: =IF(Responses!$A14="","",IF(IFERROR(OR(ABS(VALUE(SUBSTITUTE(SUBSTITUTE(Responses!I14,",",""),"%",""))-Key!$C$11)<=Key!$D$11+0.000001,ABS(VALUE(SUBSTITUTE(SUBSTITUTE(Responses!I14,",",""),"%",""))*100-Key!$C$11)<=Key!$D$11+0.000001),FALSE()),1,0)) | J14: =IF(Responses!$A14="","",IF(ISNUMBER(SEARCH(Key!$C$5,Responses!C14)),1,0))
A15: =Responses!$A15 | B15: =IF(Responses!$A15="","",IF(IFERROR(ABS(VALUE(SUBSTITUTE(SUBSTITUTE(Responses!D15,",",""),"%",""))-Key!$C$6)<=Key!$D$6+0.000001,FALSE()),1,0)) | C15: =IF(Responses!$A15="","",IF(IFERROR(ABS(VALUE(SUBSTITUTE(SUBSTITUTE(Responses!E15,",",""),"%",""))-Key!$C$7)<=Key!$D$7+0.000001,FALSE()),1,0)) | D15: =IF(Responses!$A15="","",IF(IFERROR(ABS(VALUE(SUBSTITUTE(SUBSTITUTE(Responses!F15,",",""),"%",""))-Key!$C$8)<=Key!$D$8+0.000001,FALSE()),1,0)) | E15: =IF(Responses!$A15="","",IF(ISNUMBER(SEARCH(Key!$C$9,Responses!G15)),1,0)) | F15: =IF(Responses!$A15="","",IF(ISNUMBER(SEARCH(Key!$C$10,Responses!H15)),1,0)) | G15: =IF(Responses!$A15="","",SUM(B15:F15)) | H15: =IF(Responses!$A15="","",IF(G15>=Key!$C$13,1,0)) | I15: =IF(Responses!$A15="","",IF(IFERROR(OR(ABS(VALUE(SUBSTITUTE(SUBSTITUTE(Responses!I15,",",""),"%",""))-Key!$C$11)<=Key!$D$11+0.000001,ABS(VALUE(SUBSTITUTE(SUBSTITUTE(Responses!I15,",",""),"%",""))*100-Key!$C$11)<=Key!$D$11+0.000001),FALSE()),1,0)) | J15: =IF(Responses!$A15="","",IF(ISNUMBER(SEARCH(Key!$C$5,Responses!C15)),1,0))
A16: =Responses!$A16 | B16: =IF(Responses!$A16="","",IF(IFERROR(ABS(VALUE(SUBSTITUTE(SUBSTITUTE(Responses!D16,",",""),"%",""))-Key!$C$6)<=Key!$D$6+0.000001,FALSE()),1,0)) | C16: =IF(Responses!$A16="","",IF(IFERROR(ABS(VALUE(SUBSTITUTE(SUBSTITUTE(Responses!E16,",",""),"%",""))-Key!$C$7)<=Key!$D$7+0.000001,FALSE()),1,0)) | D16: =IF(Responses!$A16="","",IF(IFERROR(ABS(VALUE(SUBSTITUTE(SUBSTITUTE(Responses!F16,",",""),"%",""))-Key!$C$8)<=Key!$D$8+0.000001,FALSE()),1,0)) | E16: =IF(Responses!$A16="","",IF(ISNUMBER(SEARCH(Key!$C$9,Responses!G16)),1,0)) | F16: =IF(Responses!$A16="","",IF(ISNUMBER(SEARCH(Key!$C$10,Responses!H16)),1,0)) | G16: =IF(Responses!$A16="","",SUM(B16:F16)) | H16: =IF(Responses!$A16="","",IF(G16>=Key!$C$13,1,0)) | I16: =IF(Responses!$A16="","",IF(IFERROR(OR(ABS(VALUE(SUBSTITUTE(SUBSTITUTE(Responses!I16,",",""),"%",""))-Key!$C$11)<=Key!$D$11+0.000001,ABS(VALUE(SUBSTITUTE(SUBSTITUTE(Responses!I16,",",""),"%",""))*100-Key!$C$11)<=Key!$D$11+0.000001),FALSE()),1,0)) | J16: =IF(Responses!$A16="","",IF(ISNUMBER(SEARCH(Key!$C$5,Responses!C16)),1,0))
... A24: =Responses!$A24 | B24: =IF(Responses!$A24="","",IF(IFERROR(ABS(VALUE(SUBSTITUTE(SUBSTITUTE(Responses!D24,",",""),"%",""))-Key!$C$6)<=Key!$D$6+0.000001,FALSE()),1,0)) | C24: =IF(Responses!$A24="","",IF(IFERROR(ABS(VALUE(SUBSTITUTE(SUBSTITUTE(Responses!E24,",",""),"%",""))-Key!$C$7)<=Key!$D$7+0.000001,FALSE()),1,0)) | D24: =IF(Responses!$A24="","",IF(IFERROR(ABS(VALUE(SUBSTITUTE(SUBSTITUTE(Responses!F24,",",""),"%",""))-Key!$C$8)<=Key!$D$8+0.000001,FALSE()),1,0)) | E24: =IF(Responses!$A24="","",IF(ISNUMBER(SEARCH(Key!$C$9,Responses!G24)),1,0)) | F24: =IF(Responses!$A24="","",IF(ISNUMBER(SEARCH(Key!$C$10,Responses!H24)),1,0)) | G24: =IF(Responses!$A24="","",SUM(B24:F24)) | H24: =IF(Responses!$A24="","",IF(G24>=Key!$C$13,1,0)) | I24: =IF(Responses!$A24="","",IF(IFERROR(OR(ABS(VALUE(SUBSTITUTE(SUBSTITUTE(Responses!I24,",",""),"%",""))-Key!$C$11)<=Key!$D$11+0.000001,ABS(VALUE(SUBSTITUTE(SUBSTITUTE(Responses!I24,",",""),"%",""))*100-Key!$C$11)<=Key!$D$11+0.000001),FALSE()),1,0)) | J24: =IF(Responses!$A24="","",IF(ISNUMBER(SEARCH(Key!$C$5,Responses!C24)),1,0))
